,Player,#,Selections,Notes,Reference
0,Kareem Abdul-Jabbar,19,1970–1977; 1979–1989,Missed 1973[8] game,[9]
1,Kobe Bryant,18,1998; 2000–2016,"Missed 2010,[10] 2014,[11] and 2015[12] games",[13]
2,LeBron James,17,2005–2021,,[14]
3,Tim Duncan,15,1998; 2000–2011; 2013; 2015,,[15]
4,Kevin Garnett,15,1997–1998; 2000–2011; 2013,Missed 2008[16] game,[17]
5,Shaquille O'Neal,15,1993–1998; 2000–2007; 2009,"Missed 1997,[18] 2001,[19] and 2002[20] games",[21]
6,Michael Jordan,14,1985–1993; 1996–1998; 2002–2003,Missed 1986[22] game,[23]
7,Karl Malone,14,1988–1998; 2000–2002,Missed 1990[24] and 2002[20] games,[25]
8,Dirk Nowitzki,14,2002–2012; 2014–2015; 2019,,[26]
9,Jerry West,14,1961–1974,Missed 1969[27] and 1974[28] games,[29]
10,Wilt Chamberlain,13,1960–1969; 1971–1973,,[30]
11,Bob Cousy,13,1951–1963,,[31]
12,John Havlicek,13,1966–1978,,[32]
13,Dwyane Wade,13,2005–2016; 2019,Missed 2015[12] game,[33]
14,Larry Bird,12,1980–1988; 1990–1992,Missed 1991[34] and 1992[35] games,[36]
15,Elvin Hayes,12,1969–1980,,[37]
16,Magic Johnson,12,1980; 1982–1992,Missed 1989[38] game,[39]
17,Moses Malone,12,1978–1989,Missed 1984[40] game; also a one-time ABA All-Star,[41]
18,Hakeem Olajuwon,12,1985–1990; 1992–1997,,[42]
19,Oscar Robertson,12,1961–1972,,[43]
20,Bill Russell,12,1958–1969,,[44]
21,Dolph Schayes,12,1951–1962,Missed 1952[45] game,[46]
22,Isiah Thomas,12,1982–1993,Missed 1991[34] game,[47]
23,Charles Barkley,11,1987–1997,Missed 1994[48] and 1997[18] games,[49]
24,Elgin Baylor,11,1959–1965; 1967–1970,,[50]
25,Chris Bosh,11,2006–2016,Missed 2009[51] and 2016[52]  games,[53]
26,Kevin Durant,11,2010–2019; 2021,Missed 2021 game,[54]
27,Julius Erving,11,1977–1987,Also a five-time ABA All-Star,[55]
28,Patrick Ewing,11,1986; 1988–1997,Missed 1986[22] and 1997[18] games,[56]
29,Allen Iverson,11,2000–2010,Missed 2007[57] and 2010[10] games,[58]
30,Chris Paul,11,2008–2016; 2020–2021,Missed 2010[10] game,[59]
31,Bob Pettit,11,1955–1965,,[60]
32,Ray Allen,10,2000–2002; 2004–2009; 2011,,[61]
33,Carmelo Anthony,10,2007–2008; 2010–2017,,[62]
34,Paul Arizin,10,1951–1952; 1955–1962,Missed 1960[63] game,[64]
35,Clyde Drexler,10,1986; 1988–1994; 1996–1997,Missed 1997[18] game,[65]
36,Hal Greer,10,1961–1970,,[66]
37,Jason Kidd,10,1996; 1998; 2000–2004; 2007–2008; 2010,Missed 2007[57] game,[67]
38,Paul Pierce,10,2002–2006; 2008–2012,,[68]
39,David Robinson,10,1990–1996; 1998; 2000–2001,,[69]
40,John Stockton,10,1989–1997; 2000,,[70]
41,George Gervin,9,1977–1985,Also a three-time ABA All-Star,[71]
42,James Harden,9,2013–2021,,[72]
43,Robert Parish,9,1981–1987; 1990–1991,,[73]
44,Gary Payton,9,1994–1998; 2000–2003,,[74]
45,Russell Westbrook,9,2011–2013; 2015–2020,,[75]
46,Lenny Wilkens,9,1963–1965; 1967–1971; 1973,,[76]
47,Dominique Wilkins,9,1986–1994,Missed 1992[35] game,[77]
48,Rick Barry,8,1966–1967; 1973–1978,Missed 1973[8] game; also a four-time ABA All-Star,[78]
49,Vince Carter,8,2000–2007,Missed 2002[20] game,[79]
50,Dave Cowens,8,1972–1978; 1980,Missed 1977[80] and 1980[81] games,[82]
51,Anthony Davis,8,2014–2021,Missed 2015[12] and 2021 games[83],[84]
52,Dave DeBusschere,8,1966–1968; 1970–1974,,[85]
53,Alex English,8,1982–1989,,[86]
54,Larry Foust,8,1951–1956; 1958–1959,Missed 1952[45] game,[87]
55,Dwight Howard,8,2007–2014,,[88]
56,Bob Lanier,8,1972–1975; 1977–1979; 1982,,[89]
57,Dikembe Mutombo,8,1992; 1995–1998; 2000–2002,,[90]
58,Steve Nash,8,2002–2003; 2005–2008; 2010; 2012,Missed 2007[57] game,[91]
59,Bill Sharman,8,1953–1960,,[92]
60,Yao Ming,8,2003–2009; 2011,Missed 2007[57] and 2011[93] games,[94]
61,LaMarcus Aldridge,7,2012–2016; 2018–2019,,[95]
62,Dave Bing,7,1968–1969; 1971; 1973–1976,,[96]
63,Stephen Curry,7,2014–2019; 2021,,[97]
64,Walt Frazier,7,1970–1976,,[98]
65,Harry Gallatin,7,1951–1957,,[99]
66,Paul George,7,2013–2014; 2016–2019; 2021,,[100]
67,Grant Hill,7,1995–1998; 2000–2001; 2005,Missed 2001[19] game,[101]
68,Kyrie Irving,7,2013–2015; 2017–2019; 2021,,[102]
69,Joe Johnson,7,2007–2012; 2014,Missed 2012[103] game,[104]
70,Jerry Lucas,7,1964–1969; 1971,,[105]
71,Ed Macauley,7,1951–1957,,[106]
72,Slater Martin,7,1953–1959,,[107]
73,Tracy McGrady,7,2001–2007,,[108]
74,Dick McGuire,7,1951–1952; 1954–1956; 1958–1959,,[109]
75,Kevin McHale,7,1984; 1986–1991,,[110]
76,Alonzo Mourning,7,1994–1997; 2000–2002,"Missed 1994,[48] 1997,[18] and 2001[19] games",[111]
77,Scottie Pippen,7,1990; 1992–1997,,[112]
78,Willis Reed,7,1965–1971,,[113]
79,Jack Sikma,7,1979–1985,,[114]
80,Nate Thurmond,7,1965–1968; 1970; 1973–1974,Missed 1968[115] and 1970[116] games,[117]
81,Chet Walker,7,1964; 1966–1967; 1970–1971; 1973–1974,,[118]
82,Jo Jo White,7,1971–1977,,[119]
83,James Worthy,7,1986–1992,,[120]
84,Nate Archibald,6,1973; 1975–1976; 1980–1982,,[121]
85,Larry Costello,6,1958–1962; 1965,Missed 1962[122] game,[123]
86,Adrian Dantley,6,1980–1982; 1984–1986,,[124]
87,Walter Davis,6,1978–1981; 1984; 1987,,[125]
88,Joe Dumars,6,1990–1993; 1995; 1997,,[126]
89,Pau Gasol,6,2006; 2009–2011; 2015–2016,,[127]
90,Artis Gilmore,6,1978–1979; 1981–1983; 1986,Also a five-time ABA All-Star,[128]
91,Blake Griffin,6,2011–2015; 2019,Missed 2015[12] game,[129]
92,Richie Guerin,6,1958–1963,,[130]
93,Tom Heinsohn,6,1957; 1961–1965,Missed 1965[131] game,[132]
94,Bailey Howell,6,1961–1964; 1966–1967,,[133]
95,Lou Hudson,6,1969–1974,,[134]
96,Neil Johnston,6,1953–1958,,[135]
97,Shawn Kemp,6,1993–1998,,[136]
98,Damian Lillard,6,2014–2015; 2018–2021,Missed 2020 game,[137]
99,Kyle Lowry,6,2015–2020,,[138]
100,Vern Mikkelsen,6,1951–1953; 1955–1957,,[139]
101,Jermaine O'Neal,6,2002–2007,Missed 2006[140] game,[141]
102,Tony Parker,6,2006–2007; 2009; 2012–2014,,[142]
103,Mitch Richmond,6,1993–1998,Missed 1993[143] game,[144]
104,Amar'e Stoudemire,6,2005; 2007–2011,,[145]
105,Jack Twyman,6,1957–1960; 1962–1963,,[146]
106,George Yardley,6,1955–1960,,[147]
107,Giannis Antetokounmpo,5,2017–2021,,[148]
108,Chauncey Billups,5,2006–2010,,[149]
109,Carl Braun,5,1953–1957,Missed 1956[150] game,[151]
110,Jimmy Butler,5,2015–2018; 2020,Missed 2016[52] game,[152]
111,Brad Daugherty,5,1988–1989; 1991–1993,,[153]
112,Wayne Embry,5,1961–1965,Missed 1963[154] game; inducted as a contributor,[155]
113,Tom Gola,5,1960–1964,Missed 1962[122] game,[156]
114,Gail Goodrich,5,1969; 1972–1975,,[157]
115,Cliff Hagan,5,1958–1962,Missed 1958[158] game; also a one-time ABA All-Star,[159]
116,Tim Hardaway,5,1991–1993; 1997–1998,,[160]
117,Al Horford,5,2010–2011; 2015–2016; 2018,,[161]
118,Dennis Johnson,5,1979–1982; 1985,,[162]
119,Gus Johnson,5,1965; 1968–1971,,[163]
120,Marques Johnson,5,1979–1981; 1983; 1986,,[164]
121,Sam Jones,5,1962; 1964–1966; 1968,,[165]
122,Rudy LaRusso,5,1962–1963; 1966; 1968–1969,Missed 1962[122] game,[166]
123,Kawhi Leonard,5,2016–2017; 2019–2021,,[167]
124,Kevin Love,5,2011–2012; 2014; 2017–2018,Missed 2017[168] and 2018[169] games,[170]
125,Pete Maravich,5,1973–1974; 1977–1979,Missed 1978[171] game,[172]
126,Bob McAdoo,5,1974–1978,,[173]
127,Reggie Miller,5,1990; 1995–1996; 1998; 2000,,[174]
128,Sidney Moncrief,5,1982–1986,,[175]
129,Chris Mullin,5,1989–1993,Missed 1993[143] game,[176]
130,Don Ohl,5,1963–1967,,[177]
131,Andy Phillip,5,1951–1955,,[178]
132,Gene Shue,5,1958–1962,,[179]
133,Klay Thompson,5,2015–2019,,[180]
134,Rudy Tomjanovich,5,1974–1977; 1979,,[181]
135,Wes Unseld,5,1969; 1971–1973; 1975,,[182]
136,John Wall,5,2014–2018,Missed 2018[169] game,[183]
137,Bobby Wanzer,5,1952–1956,,[184]
138,Chris Webber,5,1997; 2000–2003,Missed 2003[185] game,[186]
139,Paul Westphal,5,1977–1981,,[187]
140,Vin Baker,4,1995–1998,,[188]
141,Walt Bellamy,4,1962–1965,,[189]
142,Otis Birdsong,4,1979–1981; 1984,,[190]
143,Rolando Blackman,4,1985–1987; 1990,,[191]
144,Tom Chambers,4,1987; 1989–1991,,[192]
145,Maurice Cheeks,4,1983; 1986–1988,,[193]
146,Doug Collins,4,1976–1979,Missed 1979[194] game,[195]
147,DeMarcus Cousins,4,2015–2018,Missed 2018[169] game,[196]
148,Billy Cunningham,4,1969–1972,Also a one-time ABA All-Star,[197]
149,Bob Dandridge,4,1973; 1975–1976; 1979,,[198]
150,Bob Davies,4,1951–1954,,[199]
151,DeMar DeRozan,4,2014; 2016–2018,,[200]
152,Joel Embiid,4,2018–2021,Missed 2021 game [201],[202]
153,Dick Garmaker,4,1957–1960,,[203]
154,Johnny Green,4,1962–1963; 1965; 1971,,[204]
155,Penny Hardaway,4,1995–1998,,[205]
156,Connie Hawkins,4,1970–1973,Also a one-time ABA All-Star,[206]
157,Spencer Haywood,4,1972–1975,Also a one-time ABA All-Star,[207]
158,Mel Hutchins,4,1953–1954; 1956–1957,,[208]
159,Bobby Jones,4,1977–1978; 1981–1982,Also a two-time ABA All-Star,[209]
160,Bernard King,4,1982; 1984–1985; 1991,,[210]
161,Bill Laimbeer,4,1983–1985; 1987,,[211]
162,Clyde Lovellette,4,1956–1957; 1960–1961,,[212]
163,Maurice Lucas,4,1977–1979; 1983,Also a one-time ABA All-Star,[213]
164,Shawn Marion,4,2003; 2005–2007,,[214]
165,George Mikan,4,1951–1954,,[215]
166,Paul Millsap,4,2014–2017,,[216]
167,Earl Monroe,4,1969; 1971; 1975; 1977,,[217]
168,Willie Naulls,4,1958; 1960–1962,,[218]
169,Jim Pollard,4,1951–1952; 1954–1955,,[219]
170,Mark Price,4,1989; 1992–1994,,[220]
171,Micheal Ray Richardson,4,1980–1982; 1985,,[221]
172,Arnie Risen,4,1952–1955,Missed 1955[222] game,[223]
173,Alvin Robertson,4,1986–1988; 1991,,[224]
174,Guy Rodgers,4,1963–1964; 1966–1967,,[225]
175,Rajon Rondo,4,2010–2013,Missed 2013[226] game,[227]
176,Ralph Sampson,4,1984–1987,Missed 1987[228] game,[229]
177,Latrell Sprewell,4,1994–1995; 1997; 2001,,[230]
178,David Thompson,4,1977–1979; 1983,Also a one-time ABA All-Star,[231]
179,Kemba Walker,4,2017–2020,,[232]
180,Ben Wallace,4,2003–2006,,[233]
181,Rasheed Wallace,4,2000–2001; 2006; 2008,,[234]
182,Sidney Wicks,4,1972–1975,,[235]
183,Mark Aguirre,3,1984; 1987–1988,,[236]
184,Gilbert Arenas,3,2005–2007,,[237]
185,Bradley Beal,3,2018–2019; 2021,,[238]
186,Bill Bridges,3,1967–1968; 1970,,[239]
187,Phil Chenier,3,1974–1975; 1977,,[240]
188,Terry Dischinger,3,1963–1965,,[241]
189,Steve Francis,3,2002–2004,,[242]
190,Marc Gasol,3,2012; 2015; 2017,,[243]
191,Draymond Green,3,2016–2018,,[244]
192,Richard Hamilton,3,2006–2008,,[245]
193,Kevin Johnson,3,1990–1991; 1994,,[246]
194,Nikola Jokic,3,2019–2021,,[247]
195,Eddie Jones,3,1997–1998; 2000,,[248]
196,Bob Kauffman,3,1971–1973,,[249]
197,Johnny Kerr,3,1956; 1959; 1963,,[250]
198,Bob Love,3,1971–1973,,[251]
199,Dan Majerle,3,1992–1993; 1995,,[252]
200,George McGinnis,3,1976–1977; 1979,Also a three-time ABA All-Star,[253]
201,Jeff Mullins,3,1969–1971,,[254]
202,Larry Nance,3,1985; 1989; 1993,,[255]
203,Glen Rice,3,1996–1998,,[256]
204,Derrick Rose,3,2010–2012,,[257]
205,Dan Roundfield,3,1980–1982,Missed 1981[258] and 1982[259] games,[260]
206,Brandon Roy,3,2008–2010,Missed 2010[10] game,[261]
207,Detlef Schrempf,3,1993; 1995; 1997,,[262]
208,Charlie Scott,3,1973–1975,Also a two-time ABA All-Star,[263]
209,Paul Seymour,3,1953–1955,,[264]
210,Ben Simmons,3,2019–2021,Missed 2021 game [201],[265]
211,Peja Stojaković,3,2002–2004,,[266]
212,Maurice Stokes,3,1956–1958,,[267]
213,Dick Van Arsdale,3,1969–1971,,[268]
214,Tom Van Arsdale,3,1970–1972,,[269]
215,Norm Van Lier,3,1974; 1976–1977,,[270]
216,Antoine Walker,3,1998; 2002–2003,,[271]
217,Jamaal Wilkes,3,1976; 1981; 1983,,[272]
218,Buck Williams,3,1982–1983; 1986,,[273]
219,Deron Williams,3,2010–2012,,[274]
220,Leo Barnhorst,2,1952–1953,,[275]
221,Zelmo Beaty,2,1966; 1968,Also a three-time ABA All-Star,[276]
222,Devin Booker,2,2020–2021,Missed 2021 game,[277]
223,Carlos Boozer,2,2007–2008,Missed 2007[57] game,[278]
224,Elton Brand,2,2002; 2006,,[279]
225,Terrell Brandon,2,1996–1997,,[280]
226,Frank Brian,2,1951–1952,,[281]
227,Caron Butler,2,2007–2008,Missed 2008[16] game,[282]
228,Joe Caldwell,2,1969–1970,Also a two-time ABA All-Star,[283]
229,Archie Clark,2,1968; 1972,,[284]
230,Terry Cummings,2,1985; 1989,,[285]
231,Baron Davis,2,2002; 2004,,[286]
232,Luol Deng,2,2012–2013,,[287]
233,Luka Doncic,2,2020–2021,,[288]
234,John Drew,2,1976; 1980,,[289]
235,Andre Drummond,2,2016; 2018,,[290]
236,Kevin Duckworth,2,1989; 1991,,[291]
237,Walter Dukes,2,1960–1961,,[292]
238,Dwight Eddleman,2,1951–1952,,[293]
239,Sean Elliott,2,1993; 1996,,[294]
240,Michael Finley,2,2000–2001,,[295]
241,Joe Fulks,2,1951–1952,,[296]
242,Jack George,2,1956–1957,,[297]
243,Manu Ginobili,2,2005; 2011,,[298]
244,Rudy Gobert,2,2020–2021,,[299]
245,Roy Hibbert,2,2012; 2014,,[300]
246,Allan Houston,2,2000–2001,,[301]
247,Rod Hundley,2,1960–1961,,[302]
248,Zydrunas Ilgauskas,2,2003; 2005,,[303]
249,Antawn Jamison,2,2005; 2008,,[304]
250,Eddie Johnson,2,1980–1981,,[305]
251,John Johnson,2,1971–1972,,[306]
252,Larry Johnson,2,1993; 1995,,[307]
253,Larry Kenon,2,1978–1979,Also a three-time ABA All-Star,[308]
254,Don Kojis,2,1968–1969,,[309]
255,David Lee,2,2010; 2013,,[310]
256,Fat Lever,2,1988; 1990,,[311]
257,Rashard Lewis,2,2005; 2009,,[312]
258,Jeff Malone,2,1986–1987,,[313]
259,Danny Manning,2,1993–1994,,[314]
260,Stephon Marbury,2,2001; 2003,,[315]
261,Jack Marin,2,1972–1973,,[316]
262,Khris Middleton,2,2019–2020,,[317]
263,Brad Miller,2,2003–2004,,[318]
264,Donovan Mitchell,2,2020–2021,,[319]
265,Norm Nixon,2,1982; 1985,,[320]
266,Joakim Noah,2,2013–2014,,[321]
267,Victor Oladipo,2,2018–2019,Missed 2019 [322] game,[323]
268,Jim Paxson,2,1983–1984,,[324]
269,Geoff Petrie,2,1971; 1974,,[325]
270,Terry Porter,2,1991; 1993,,[326]
271,Zach Randolph,2,2010; 2013,,[327]
272,Glenn Robinson,2,2000–2001,,[328]
273,Truck Robinson,2,1978; 1981,,[329]
274,Red Rocha,2,1951–1952,,[330]
275,Dennis Rodman,2,1990; 1992,,[331]
276,Jeff Ruland,2,1984–1985,Missed 1985[332] game,[333]
277,Domantas Sabonis,2,2020–2021,,[334]
278,Fred Scolari,2,1952–1953,Missed 1953[335] game,[336]
279,Ken Sears,2,1958–1959,,[337]
280,Frank Selvy,2,1955; 1962,,[338]
281,Paul Silas,2,1972; 1975,,[339]
282,Jerry Sloan,2,1967; 1969,,[340]
283,Phil Smith,2,1976–1977,,[341]
284,Randy Smith,2,1976; 1978,,[342]
285,Jerry Stackhouse,2,2000–2001,,[343]
286,Jayson Tatum,2,2020–2021,,[344]
287,Reggie Theus,2,1981; 1983,,[345]
288,Isaiah Thomas,2,2016–2017,,[346]
289,Andrew Toney,2,1983–1984,,[347]
290,Karl-Anthony Towns,2,2018–2019,,[348]
291,Kelly Tripucka,2,1982; 1984,,[349]
292,Kiki Vandeweghe,2,1983–1984,,[350]
293,Nikola Vucevic,2,2019; 2021,,[351]
294,Jimmy Walker,2,1970; 1972,,[352]
295,Bill Walton,2,1977–1978,Missed 1977[80] game,[353]
296,Scott Wedman,2,1976; 1980,Missed 1980[81] game,[354]
297,David West,2,2008–2009,,[355]
298,Gus Williams,2,1982–1983,,[356]
299,Brian Winters,2,1976; 1978,,[357]
300,Shareef Abdur-Rahim,1,2002,,[358]
301,Alvan Adams,1,1976,,[359]
302,Michael Adams,1,1992,,[360]
303,Bam Adebayo,1,2020,,[361]
304,Danny Ainge,1,1988,,[362]
305,Kenny Anderson,1,1994,,[363]
306,B. J. Armstrong,1,1994,,[364]
307,Don Barksdale,1,1953,Inducted as a contributor,[365]
308,Dick Barnett,1,1968,,[366]
309,Dana Barros,1,1995,,[367]
310,Butch Beard,1,1972,,[368]
311,Ralph Beard,1,1951,,[369]
312,Mookie Blaylock,1,1994,,[370]
313,John Block,1,1973,,[371]
314,Bob Boozer,1,1968,,[372]
315,Vince Boryla,1,1951,,[373]
316,Bill Bradley,1,1973,,[374]
317,Fred Brown,1,1976,,[375]
318,Jaylen Brown,1,2021,,[376]
319,Don Buse,1,1977,Also a one-time ABA All-Star,[377]
320,Andrew Bynum,1,2012,,[378]
321,Austin Carr,1,1974,,[379]
322,Joe Barry Carroll,1,1987,,[380]
323,Bill Cartwright,1,1980,,[381]
324,Sam Cassell,1,2004,,[382]
325,Cedric Ceballos,1,1995,Missed 1995[383] game,[384]
326,Tyson Chandler,1,2013,,[385]
327,Len Chappell,1,1964,,[386]
328,Nathaniel Clifton,1,1957,,[387]
329,Derrick Coleman,1,1994,,[388]
330,Jack Coleman,1,1955,,[389]
331,Mike Conley,1,2021,,[390]
332,Antonio Davis,1,2001,,[391]
333,Dale Davis,1,2000,,[392]
334,Vlade Divac,1,2001,,[393]
335,James Donaldson,1,1988,,[394]
336,Goran Dragic,1,2018,,[395]
337,Mark Eaton,1,1989,,[396]
338,Dale Ellis,1,1989,,[397]
339,Ray Felix,1,1954,,[398]
340,Sleepy Floyd,1,1987,,[399]
341,World B. Free,1,1980,,[400]
342,Billy Gabor,1,1953,,[401]
343,Chris Gatling,1,1997,,[402]
344,Danny Granger,1,2009,,[403]
345,Horace Grant,1,1994,,[404]
346,A. C. Green,1,1990,,[405]
347,Rickey Green,1,1984,,[406]
348,Alex Groza,1,1951,,[407]
349,Tom Gugliotta,1,1997,,[408]
350,Devin Harris,1,2009,,[409]
351,Bob Harrison,1,1956,,[410]
352,Hersey Hawkins,1,1991,,[411]
353,Gordon Hayward,1,2017,,[412]
354,Walt Hazzard,1,1968,,[413]
355,Tyrone Hill,1,1995,,[414]
356,Jrue Holiday,1,2013,,[415]
357,Lionel Hollins,1,1978,,[416]
358,Jeff Hornacek,1,1992,,[417]
359,Josh Howard,1,2007,,[418]
360,Juwan Howard,1,1996,,[419]
361,Andre Iguodala,1,2012,,[420]
362,Darrall Imhoff,1,1967,,[421]
363,Brandon Ingram,1,2020,,[422]
364,Dan Issel,1,1977,Also a six-time ABA All-Star,[423]
365,Lucious Jackson,1,1965,,[424]
366,Mark Jackson,1,1989,,[425]
367,Steve Johnson,1,1988,Missed 1988[426] game,[427]
368,DeAndre Jordan,1,2017,,[428]
369,Chris Kaman,1,2010,,[429]
370,Jim King,1,1968,,[430]
371,Andrei Kirilenko,1,2004,,[431]
372,Billy Knight,1,1977,Also a one-time ABA All-Star,[432]
373,Kyle Korver,1,2015,,[433]
374,Sam Lacey,1,1975,,[434]
375,Christian Laettner,1,1997,,[435]
376,Zach LaVine,1,2021,,[436]
377,Clyde Lee,1,1968,,[437]
378,Reggie Lewis,1,1992,,[438]
379,Brook Lopez,1,2013,,[439]
380,Jamaal Magloire,1,2004,,[440]
381,Kenyon Martin,1,2004,,[441]
382,Jamal Mashburn,1,2003,,[442]
383,Anthony Mason,1,2001,,[443]
384,Xavier McDaniel,1,1988,,[444]
385,Antonio McDyess,1,2001,,[445]
386,Jon McGlocklin,1,1969,,[446]
387,Tom Meschery,1,1963,,[447]
388,Eddie Miles,1,1966,,[448]
389,Mike Mitchell,1,1981,,[449]
390,Steve Mix,1,1975,,[450]
391,Jack Molinas,1,1954,Missed 1954[451] game,[452]
392,Calvin Murphy,1,1979,,[453]
393,Calvin Natt,1,1985,,[454]
394,Jameer Nelson,1,2009,Missed 2009[51] game,[455]
395,Chuck Noble,1,1960,,[456]
396,Charles Oakley,1,1994,,[457]
397,Mehmet Okur,1,2007,,[458]
398,Ricky Pierce,1,1991,,[459]
399,Kristaps Porziņģis,1,2018,Missed 2018[169] game,[460]
400,Jim Price,1,1975,,[461]
401,Julius Randle,1,2021,,[462]
402,Theo Ratliff,1,2001,Missed 2001[19] game,[463]
403,Michael Redd,1,2004,,[464]
404,Richie Regan,1,1957,,[465]
405,Doc Rivers,1,1988,,[466]
406,Clifford Robinson,1,1994,,[467]
407,Flynn Robinson,1,1970,,[468]
408,Curtis Rowe,1,1976,,[469]
409,Bob Rule,1,1970,,[470]
410,Campy Russell,1,1979,,[471]
411,Cazzie Russell,1,1972,,[472]
412,D'Angelo Russell,1,2019,,[473]
413,Woody Sauldsberry,1,1959,,[474]
414,Fred Schaus,1,1951,,[475]
415,Lee Shaffer,1,1963,,[476]
416,Lonnie Shelton,1,1982,,[477]
417,Pascal Siakam,1,2020,,[478]
418,Adrian Smith,1,1966,,[479]
419,Steve Smith,1,1998,,[480]
420,Rik Smits,1,1998,,[481]
421,John Starks,1,1994,,[482]
422,Don Sunderlage,1,1954,,[483]
423,Wally Szczerbiak,1,2002,,[484]
424,Jeff Teague,1,2015,,[485]
425,Otis Thorpe,1,1992,,[486]
426,Nick Van Exel,1,1998,,[487]
427,Gerald Wallace,1,2010,,[488]
428,Paul Walther,1,1952,,[489]
429,Kermit Washington,1,1980,,[490]
430,Jayson Williams,1,1998,,[491]
431,Mo Williams,1,2009,,[492]
432,Zion Williamson,1,2021,,[493]
433,Kevin Willis,1,1992,,[494]
434,Metta World Peace,1,2004,,[495]
435,Trae Young,1,2020,,[496]
436,Max Zaslofsky,1,1952,,[497]
